Fecha,Varietal,Linea,Canal,Unidades_Vendidas,Precio_Unitario
2025-01-01,Torrontés,Reserva,Exportación,195,21.19
2025-01-01,Malbec,Gran Reserva,Exportación,48,46.12
2025-01-01,Malbec,Joven,Exportación,193,11.77
2025-01-01,Tempranillo,Gran Reserva,Exportación,34,44.34
2025-01-01,Malbec,Reserva,Exportación,229,21.27
2025-01-01,Torrontés,Gran Reserva,Mercado Interno,336,30.27
2025-01-01,Malbec,Gran Reserva,Exportación,181,44.01
2025-01-01,Malbec,Joven,Mercado Interno,232,7.97
2025-01-02,Malbec,Joven,Exportación,81,11.7
2025-01-02,Tempranillo,Joven,Mercado Interno,139,8.28
2025-01-02,Torrontés,Joven,Mercado Interno,96,7.84
2025-01-03,Malbec,Reserva,Exportación,118,21.74
2025-01-04,Tempranillo,Reserva,Exportación,123,22.39
2025-01-04,Tempranillo,Reserva,Mercado Interno,145,14.37
2025-01-04,Tempranillo,Gran Reserva,Mercado Interno,37,30.99
2025-01-04,Cabernet Sauvignon,Gran Reserva,Mercado Interno,219,29.45
2025-01-05,Tempranillo,Gran Reserva,Mercado Interno,99,29.59
2025-01-05,Cabernet Sauvignon,Gran Reserva,Exportación,108,46.87
2025-01-05,Malbec,Reserva,Mercado Interno,85,15.47
2025-01-05,Malbec,Reserva,Mercado Interno,123,15.02
2025-01-05,Tempranillo,Joven,Exportación,189,12.39
2025-01-05,Malbec,Gran Reserva,Mercado Interno,60,31.19
2025-01-05,Torrontés,Reserva,Mercado Interno,188,15.33
2025-01-06,Malbec,Gran Reserva,Exportación,24,44.2
2025-01-06,Cabernet Sauvignon,Gran Reserva,Mercado Interno,36,29.01
2025-01-06,Cabernet Sauvignon,Gran Reserva,Mercado Interno,109,30.15
2025-01-06,Tempranillo,Gran Reserva,Mercado Interno,112,30.04
2025-01-07,Cabernet Sauvignon,Joven,Exportación,71,12.1
2025-01-07,Torrontés,Joven,Exportación,92,12.48
2025-01-08,Tempranillo,Reserva,Exportación,124,22.55
2025-01-08,Malbec,Gran Reserva,Mercado Interno,64,29.13
2025-01-08,Torrontés,Joven,Exportación,376,12.24
2025-01-09,Torrontés,Reserva,Exportación,283,22.23
2025-01-09,Tempranillo,Joven,Mercado Interno,68,8.16
2025-01-09,Torrontés,Joven,Mercado Interno,291,7.84
2025-01-10,Cabernet Sauvignon,Joven,Mercado Interno,60,8.27
2025-01-10,Torrontés,Reserva,Mercado Interno,268,14.6
2025-01-10,Malbec,Reserva,Exportación,143,21.82
2025-01-10,Malbec,Gran Reserva,Exportación,130,43.97
2025-01-11,Torrontés,Joven,Exportación,302,12.43
2025-01-12,Cabernet Sauvignon,Reserva,Mercado Interno,138,15.48
2025-01-12,Tempranillo,Reserva,Mercado Interno,129,15.59
2025-01-12,Tempranillo,Joven,Mercado Interno,87,7.84
2025-01-13,Tempranillo,Joven,Exportación,112,11.58
2025-01-13,Torrontés,Gran Reserva,Mercado Interno,67,31.12
2025-01-13,Torrontés,Gran Reserva,Mercado Interno,265,30.13
2025-01-13,Cabernet Sauvignon,Gran Reserva,Exportación,30,44.79
2025-01-13,Cabernet Sauvignon,Joven,Mercado Interno,89,8.08
2025-01-14,Torrontés,Reserva,Exportación,268,21.47
2025-01-14,Tempranillo,Reserva,Mercado Interno,239,14.35
2025-01-14,Torrontés,Gran Reserva,Mercado Interno,166,29.99
2025-01-14,Malbec,Joven,Mercado Interno,196,8.14
2025-01-14,Malbec,Gran Reserva,Mercado Interno,127,29.36
2025-01-15,Cabernet Sauvignon,Gran Reserva,Exportación,103,47.17
2025-01-15,Malbec,Reserva,Mercado Interno,217,15.72
2025-01-15,Torrontés,Joven,Exportación,110,12.29
2025-01-15,Tempranillo,Joven,Mercado Interno,169,7.66
2025-01-15,Cabernet Sauvignon,Gran Reserva,Exportación,196,46.26
2025-01-16,Malbec,Joven,Mercado Interno,239,8.34
2025-01-17,Tempranillo,Reserva,Mercado Interno,187,15.39
2025-01-17,Malbec,Joven,Exportación,105,11.57
2025-01-18,Torrontés,Gran Reserva,Mercado Interno,353,31.4
2025-01-19,Torrontés,Reserva,Mercado Interno,70,15.36
2025-01-19,Malbec,Joven,Mercado Interno,202,7.75
2025-01-20,Torrontés,Gran Reserva,Mercado Interno,195,28.68
2025-01-20,Malbec,Reserva,Mercado Interno,143,14.53
2025-01-20,Tempranillo,Reserva,Exportación,230,21.01
2025-01-21,Malbec,Gran Reserva,Mercado Interno,168,29.76
2025-01-22,Tempranillo,Joven,Mercado Interno,232,7.78
2025-01-22,Torrontés,Reserva,Mercado Interno,144,15.58
2025-01-22,Torrontés,Gran Reserva,Mercado Interno,187,29.48
2025-01-23,Torrontés,Reserva,Exportación,176,22.18
2025-01-23,Tempranillo,Reserva,Mercado Interno,145,14.7
2025-01-23,Tempranillo,Gran Reserva,Exportación,150,43.87
2025-01-23,Torrontés,Gran Reserva,Mercado Interno,332,30.86
2025-01-25,Cabernet Sauvignon,Reserva,Exportación,113,22.22
2025-01-25,Torrontés,Reserva,Mercado Interno,105,15.51
2025-01-25,Malbec,Gran Reserva,Exportación,92,42.78
2025-01-25,Malbec,Joven,Mercado Interno,111,8.34
2025-01-25,Torrontés,Gran Reserva,Exportación,78,46.42
2025-01-26,Cabernet Sauvignon,Reserva,Mercado Interno,51,15.4
2025-01-26,Torrontés,Reserva,Exportación,380,21.18
2025-01-26,Cabernet Sauvignon,Gran Reserva,Mercado Interno,110,29.95
2025-01-27,Cabernet Sauvignon,Gran Reserva,Mercado Interno,87,29.06
2025-01-28,Cabernet Sauvignon,Reserva,Mercado Interno,132,14.66
2025-01-28,Cabernet Sauvignon,Reserva,Mercado Interno,49,14.7
2025-01-28,Torrontés,Gran Reserva,Mercado Interno,328,30.2
2025-01-28,Malbec,Gran Reserva,Exportación,227,44.89
2025-01-28,Cabernet Sauvignon,Reserva,Exportación,52,21.88
2025-01-29,Torrontés,Joven,Mercado Interno,209,8.21
2025-01-29,Tempranillo,Reserva,Mercado Interno,179,15.05
2025-01-29,Torrontés,Gran Reserva,Mercado Interno,185,30.04
2025-01-30,Torrontés,Joven,Exportación,329,11.66
2025-01-31,Malbec,Gran Reserva,Exportación,220,47.02
2025-02-02,Torrontés,Reserva,Exportación,326,21.07
2025-02-02,Tempranillo,Joven,Exportación,234,11.47
2025-02-02,Malbec,Joven,Mercado Interno,55,7.67
2025-02-03,Torrontés,Reserva,Mercado Interno,380,15.45
2025-02-03,Cabernet Sauvignon,Joven,Mercado Interno,201,8.3
2025-02-03,Torrontés,Gran Reserva,Mercado Interno,241,28.6
2025-02-03,Torrontés,Joven,Mercado Interno,150,7.8
2025-02-04,Tempranillo,Gran Reserva,Mercado Interno,166,28.57
2025-02-04,Torrontés,Reserva,Exportación,110,21.92
2025-02-04,Malbec,Reserva,Exportación,223,21.45
2025-02-04,Malbec,Gran Reserva,Exportación,205,43.99
2025-02-04,Tempranillo,Reserva,Mercado Interno,201,14.85
2025-02-04,Malbec,Reserva,Mercado Interno,75,14.6
2025-02-05,Tempranillo,Gran Reserva,Exportación,114,43.99
2025-02-05,Cabernet Sauvignon,Gran Reserva,Mercado Interno,210,30.69
2025-02-05,Torrontés,Gran Reserva,Mercado Interno,376,30.24
2025-02-05,Torrontés,Reserva,Exportación,190,22.19
2025-02-06,Malbec,Gran Reserva,Mercado Interno,172,30.05
2025-02-06,Cabernet Sauvignon,Reserva,Exportación,202,22.33
2025-02-06,Malbec,Joven,Mercado Interno,110,8.17
2025-02-07,Tempranillo,Gran Reserva,Exportación,33,45.08
2025-02-07,Tempranillo,Gran Reserva,Exportación,59,43.41
2025-02-07,Malbec,Gran Reserva,Exportación,164,45.93
2025-02-07,Malbec,Joven,Mercado Interno,27,8.0
2025-02-07,Torrontés,Joven,Mercado Interno,371,7.94
2025-02-08,Tempranillo,Gran Reserva,Mercado Interno,114,29.67
2025-02-08,Tempranillo,Gran Reserva,Mercado Interno,229,28.64
2025-02-08,Torrontés,Joven,Mercado Interno,201,7.78
2025-02-08,Tempranillo,Reserva,Exportación,130,22.66
2025-02-08,Cabernet Sauvignon,Joven,Exportación,69,12.5
2025-02-08,Torrontés,Gran Reserva,Exportación,179,43.46
2025-02-08,Torrontés,Gran Reserva,Mercado Interno,40,29.0
2025-02-08,Cabernet Sauvignon,Reserva,Mercado Interno,183,15.04
2025-02-09,Cabernet Sauvignon,Reserva,Mercado Interno,101,14.68
2025-02-10,Cabernet Sauvignon,Joven,Mercado Interno,48,8.04
2025-02-10,Cabernet Sauvignon,Reserva,Mercado Interno,143,14.32
2025-02-10,Tempranillo,Gran Reserva,Mercado Interno,26,30.37
2025-02-11,Tempranillo,Joven,Exportación,84,12.25
2025-02-11,Malbec,Gran Reserva,Exportación,193,46.7
2025-02-11,Tempranillo,Joven,Exportación,208,12.25
2025-02-11,Torrontés,Gran Reserva,Mercado Interno,84,28.74
2025-02-11,Torrontés,Gran Reserva,Exportación,372,43.86
2025-02-12,Torrontés,Gran Reserva,Exportación,43,47.06
2025-02-12,Cabernet Sauvignon,Gran Reserva,Exportación,138,44.46
2025-02-13,Tempranillo,Reserva,Mercado Interno,76,15.41
2025-02-13,Torrontés,Reserva,Exportación,358,22.07
2025-02-13,Malbec,Gran Reserva,Exportación,119,45.68
2025-02-13,Tempranillo,Gran Reserva,Mercado Interno,41,31.32
2025-02-14,Torrontés,Joven,Mercado Interno,86,7.79
2025-02-15,Malbec,Joven,Exportación,84,12.43
2025-02-15,Cabernet Sauvignon,Reserva,Mercado Interno,169,14.34
2025-02-15,Cabernet Sauvignon,Gran Reserva,Exportación,195,45.0
2025-02-16,Torrontés,Reserva,Mercado Interno,57,15.25
2025-02-16,Cabernet Sauvignon,Joven,Mercado Interno,86,7.68
2025-02-16,Torrontés,Reserva,Mercado Interno,179,14.72
2025-02-16,Torrontés,Gran Reserva,Mercado Interno,291,30.48
2025-02-16,Torrontés,Reserva,Mercado Interno,348,15.54
2025-02-16,Torrontés,Joven,Mercado Interno,198,8.02
2025-02-17,Torrontés,Gran Reserva,Mercado Interno,100,28.78
2025-02-17,Tempranillo,Reserva,Exportación,204,23.06
2025-02-17,Cabernet Sauvignon,Reserva,Mercado Interno,218,15.68
2025-02-18,Torrontés,Joven,Mercado Interno,118,7.68
2025-02-18,Malbec,Joven,Mercado Interno,221,8.36
2025-02-18,Tempranillo,Reserva,Mercado Interno,174,15.52
2025-02-18,Malbec,Reserva,Exportación,143,21.47
2025-02-19,Malbec,Reserva,Exportación,37,21.17
2025-02-20,Tempranillo,Gran Reserva,Exportación,95,45.6
2025-02-20,Malbec,Joven,Exportación,212,11.59
2025-02-20,Torrontés,Joven,Exportación,41,11.43
2025-02-20,Malbec,Reserva,Exportación,40,22.13
2025-02-20,Torrontés,Joven,Mercado Interno,371,7.81
2025-02-20,Malbec,Gran Reserva,Exportación,146,43.21
2025-02-20,Tempranillo,Gran Reserva,Mercado Interno,41,31.07
2025-02-21,Cabernet Sauvignon,Joven,Mercado Interno,145,8.18
2025-02-21,Torrontés,Reserva,Mercado Interno,286,15.06
2025-02-21,Cabernet Sauvignon,Gran Reserva,Exportación,48,46.67
2025-02-22,Torrontés,Reserva,Exportación,59,22.76
2025-02-22,Cabernet Sauvignon,Joven,Mercado Interno,186,8.21
2025-02-22,Torrontés,Reserva,Mercado Interno,368,14.84
2025-02-22,Malbec,Gran Reserva,Mercado Interno,121,28.81
2025-02-22,Tempranillo,Reserva,Mercado Interno,55,14.66
2025-02-22,Torrontés,Gran Reserva,Exportación,336,44.27
2025-02-22,Cabernet Sauvignon,Gran Reserva,Exportación,225,44.38
2025-02-23,Torrontés,Gran Reserva,Mercado Interno,88,30.47
2025-02-23,Malbec,Joven,Exportación,39,11.64
2025-02-23,Tempranillo,Reserva,Mercado Interno,66,14.76
2025-02-23,Tempranillo,Joven,Exportación,184,11.66
2025-02-23,Tempranillo,Reserva,Mercado Interno,91,14.83
2025-02-23,Cabernet Sauvignon,Gran Reserva,Exportación,40,45.68
2025-02-23,Cabernet Sauvignon,Reserva,Exportación,82,21.26
2025-02-24,Cabernet Sauvignon,Gran Reserva,Mercado Interno,177,30.08
2025-02-24,Cabernet Sauvignon,Reserva,Mercado Interno,189,14.66
2025-02-25,Malbec,Gran Reserva,Exportación,152,43.33
2025-02-25,Cabernet Sauvignon,Reserva,Exportación,99,21.23
2025-02-26,Cabernet Sauvignon,Joven,Exportación,213,12.06
2025-02-27,Tempranillo,Gran Reserva,Mercado Interno,127,31.09
2025-02-27,Torrontés,Reserva,Mercado Interno,67,14.55
2025-02-27,Malbec,Gran Reserva,Mercado Interno,49,31.19
2025-02-27,Tempranillo,Joven,Mercado Interno,120,7.62
2025-02-27,Malbec,Joven,Mercado Interno,40,7.69
2025-02-27,Tempranillo,Gran Reserva,Mercado Interno,168,29.66
2025-02-28,Torrontés,Joven,Exportación,83,11.91
2025-03-01,Malbec,Joven,Exportación,153,11.93
2025-03-01,Tempranillo,Joven,Mercado Interno,233,7.71
2025-03-01,Malbec,Gran Reserva,Exportación,229,44.22
2025-03-02,Tempranillo,Joven,Mercado Interno,218,8.14
2025-03-02,Cabernet Sauvignon,Joven,Mercado Interno,232,7.79
2025-03-03,Torrontés,Joven,Exportación,231,12.43
2025-03-03,Cabernet Sauvignon,Joven,Mercado Interno,211,8.02
2025-03-03,Malbec,Joven,Mercado Interno,194,8.2
2025-03-03,Tempranillo,Reserva,Mercado Interno,225,14.92
2025-03-03,Tempranillo,Gran Reserva,Mercado Interno,61,29.71
2025-03-04,Tempranillo,Reserva,Mercado Interno,123,15.37
2025-03-04,Torrontés,Reserva,Exportación,35,20.91
2025-03-04,Malbec,Joven,Mercado Interno,122,7.76
2025-03-04,Tempranillo,Gran Reserva,Mercado Interno,54,29.41
2025-03-04,Cabernet Sauvignon,Gran Reserva,Mercado Interno,133,31.25
2025-03-04,Torrontés,Joven,Mercado Interno,66,8.03
2025-03-04,Torrontés,Joven,Mercado Interno,24,7.73
2025-03-04,Malbec,Reserva,Exportación,95,22.47
2025-03-06,Torrontés,Joven,Mercado Interno,116,8.33
2025-03-06,Tempranillo,Joven,Exportación,65,12.53
2025-03-06,Torrontés,Gran Reserva,Exportación,238,46.26
2025-03-07,Cabernet Sauvignon,Joven,Mercado Interno,51,7.81
2025-03-07,Torrontés,Reserva,Exportación,238,22.85
2025-03-08,Cabernet Sauvignon,Joven,Mercado Interno,181,8.35
2025-03-08,Cabernet Sauvignon,Reserva,Mercado Interno,46,15.68
2025-03-09,Malbec,Gran Reserva,Mercado Interno,37,28.99
2025-03-09,Malbec,Reserva,Mercado Interno,148,15.22
2025-03-10,Tempranillo,Reserva,Exportación,204,22.08
2025-03-10,Malbec,Reserva,Mercado Interno,199,14.74
2025-03-10,Malbec,Gran Reserva,Exportación,135,45.28
2025-03-10,Tempranillo,Gran Reserva,Mercado Interno,199,28.64
2025-03-10,Malbec,Reserva,Exportación,77,22.06
2025-03-10,Torrontés,Joven,Mercado Interno,147,8.17
2025-03-11,Torrontés,Gran Reserva,Exportación,32,42.84
2025-03-11,Cabernet Sauvignon,Joven,Exportación,146,12.25
2025-03-13,Tempranillo,Joven,Exportación,208,11.63
2025-03-14,Torrontés,Reserva,Mercado Interno,171,15.23
2025-03-15,Tempranillo,Gran Reserva,Mercado Interno,43,29.39
2025-03-16,Torrontés,Reserva,Exportación,31,21.26
2025-03-16,Torrontés,Gran Reserva,Exportación,143,47.22
2025-03-16,Malbec,Reserva,Exportación,206,22.62
2025-03-16,Torrontés,Gran Reserva,Mercado Interno,72,30.58
2025-03-16,Torrontés,Gran Reserva,Mercado Interno,199,30.57
2025-03-17,Tempranillo,Reserva,Mercado Interno,88,14.76
2025-03-17,Cabernet Sauvignon,Gran Reserva,Mercado Interno,232,31.36
2025-03-17,Tempranillo,Reserva,Mercado Interno,110,14.5
2025-03-17,Tempranillo,Reserva,Mercado Interno,58,14.65
2025-03-19,Tempranillo,Reserva,Exportación,123,22.85
2025-03-19,Cabernet Sauvignon,Joven,Exportación,216,11.68
2025-03-19,Cabernet Sauvignon,Reserva,Exportación,46,21.54
2025-03-19,Tempranillo,Joven,Exportación,127,11.55
2025-03-21,Malbec,Reserva,Exportación,71,21.36
2025-03-22,Malbec,Reserva,Mercado Interno,164,15.15
2025-03-22,Malbec,Joven,Exportación,101,12.5
2025-03-22,Torrontés,Reserva,Mercado Interno,168,14.52
2025-03-22,Torrontés,Gran Reserva,Mercado Interno,215,30.12
2025-03-23,Torrontés,Reserva,Mercado Interno,198,14.93
2025-03-24,Tempranillo,Joven,Mercado Interno,71,7.86
2025-03-24,Tempranillo,Gran Reserva,Mercado Interno,36,30.37
2025-03-25,Tempranillo,Joven,Mercado Interno,176,7.95
2025-03-25,Malbec,Joven,Exportación,158,11.64
2025-03-25,Cabernet Sauvignon,Gran Reserva,Mercado Interno,141,29.44
2025-03-26,Torrontés,Joven,Mercado Interno,228,7.68
2025-03-27,Malbec,Joven,Mercado Interno,64,7.8
2025-03-27,Torrontés,Reserva,Mercado Interno,226,14.33
2025-03-27,Malbec,Gran Reserva,Exportación,210,43.36
2025-03-27,Tempranillo,Gran Reserva,Mercado Interno,197,29.34
2025-03-30,Cabernet Sauvignon,Gran Reserva,Exportación,27,46.38
2025-03-30,Cabernet Sauvignon,Gran Reserva,Exportación,53,46.25
2025-03-30,Torrontés,Reserva,Mercado Interno,129,14.66
2025-03-30,Torrontés,Joven,Exportación,77,11.97
2025-03-31,Tempranillo,Joven,Mercado Interno,118,7.79
2025-03-31,Torrontés,Gran Reserva,Exportación,127,45.75
2025-03-31,Cabernet Sauvignon,Gran Reserva,Mercado Interno,200,29.35
2025-03-31,Tempranillo,Joven,Mercado Interno,170,7.73
2025-03-31,Cabernet Sauvignon,Reserva,Exportación,233,22.1
2025-04-01,Malbec,Joven,Exportación,115,12.2
2025-04-02,Malbec,Gran Reserva,Mercado Interno,35,30.13
2025-04-02,Torrontés,Reserva,Mercado Interno,159,14.51
2025-04-02,Torrontés,Gran Reserva,Mercado Interno,82,30.11
2025-04-02,Tempranillo,Joven,Mercado Interno,88,7.62
2025-04-02,Cabernet Sauvignon,Reserva,Exportación,136,21.09
2025-04-03,Tempranillo,Joven,Mercado Interno,122,8.08
2025-04-03,Malbec,Joven,Mercado Interno,184,7.71
2025-04-04,Malbec,Reserva,Mercado Interno,177,15.59
2025-04-04,Torrontés,Reserva,Exportación,52,21.62
2025-04-04,Tempranillo,Reserva,Mercado Interno,159,14.69
2025-04-05,Torrontés,Gran Reserva,Exportación,231,43.82
2025-04-05,Tempranillo,Joven,Mercado Interno,81,8.2
2025-04-05,Malbec,Reserva,Mercado Interno,106,14.47
2025-04-05,Tempranillo,Joven,Exportación,147,12.29
2025-04-05,Torrontés,Gran Reserva,Mercado Interno,129,28.52
2025-04-05,Tempranillo,Joven,Exportación,98,12.01
2025-04-05,Torrontés,Gran Reserva,Mercado Interno,218,31.13
2025-04-06,Cabernet Sauvignon,Gran Reserva,Exportación,123,46.1
2025-04-06,Torrontés,Gran Reserva,Mercado Interno,110,30.94
2025-04-06,Torrontés,Reserva,Mercado Interno,170,15.02
2025-04-06,Malbec,Reserva,Exportación,116,22.14
2025-04-06,Torrontés,Joven,Mercado Interno,169,8.11
2025-04-07,Tempranillo,Gran Reserva,Exportación,74,45.64
2025-04-07,Cabernet Sauvignon,Gran Reserva,Mercado Interno,83,31.05
2025-04-07,Torrontés,Joven,Exportación,175,11.97
2025-04-08,Tempranillo,Gran Reserva,Mercado Interno,190,30.19
2025-04-08,Torrontés,Gran Reserva,Mercado Interno,174,30.6
2025-04-08,Torrontés,Reserva,Mercado Interno,59,14.7
2025-04-09,Tempranillo,Joven,Mercado Interno,38,8.01
2025-04-09,Torrontés,Joven,Mercado Interno,195,8.15
2025-04-09,Tempranillo,Joven,Exportación,171,12.31
2025-04-09,Malbec,Gran Reserva,Mercado Interno,154,31.23
2025-04-09,Cabernet Sauvignon,Reserva,Mercado Interno,121,14.98
2025-04-09,Malbec,Reserva,Mercado Interno,212,15.37
2025-04-09,Tempranillo,Joven,Exportación,35,12.08
2025-04-09,Malbec,Joven,Mercado Interno,236,7.76
2025-04-09,Cabernet Sauvignon,Joven,Mercado Interno,119,7.65
2025-04-10,Torrontés,Gran Reserva,Mercado Interno,209,28.63
2025-04-10,Cabernet Sauvignon,Joven,Mercado Interno,223,8.13
2025-04-10,Cabernet Sauvignon,Reserva,Exportación,175,21.54
2025-04-11,Torrontés,Gran Reserva,Exportación,212,42.93
2025-04-11,Torrontés,Joven,Mercado Interno,65,8.33
2025-04-11,Tempranillo,Reserva,Mercado Interno,179,15.07
2025-04-11,Torrontés,Joven,Mercado Interno,78,8.01
2025-04-11,Tempranillo,Reserva,Exportación,59,22.62
2025-04-11,Tempranillo,Joven,Mercado Interno,58,8.28
2025-04-11,Torrontés,Joven,Mercado Interno,211,7.65
2025-04-13,Malbec,Reserva,Mercado Interno,181,15.66
2025-04-13,Cabernet Sauvignon,Reserva,Mercado Interno,35,14.69
2025-04-14,Malbec,Gran Reserva,Mercado Interno,65,29.2
2025-04-14,Torrontés,Gran Reserva,Exportación,219,46.15
2025-04-14,Tempranillo,Gran Reserva,Mercado Interno,209,30.04
2025-04-14,Torrontés,Reserva,Mercado Interno,133,15.49
2025-04-14,Malbec,Gran Reserva,Exportación,195,45.48
2025-04-14,Cabernet Sauvignon,Gran Reserva,Mercado Interno,223,29.51
2025-04-14,Cabernet Sauvignon,Joven,Exportación,172,12.57
2025-04-15,Torrontés,Gran Reserva,Exportación,99,43.92
2025-04-15,Torrontés,Joven,Exportación,236,11.99
2025-04-16,Cabernet Sauvignon,Gran Reserva,Mercado Interno,77,29.01
2025-04-16,Cabernet Sauvignon,Joven,Exportación,45,11.97
2025-04-16,Malbec,Reserva,Exportación,159,21.7
2025-04-16,Torrontés,Gran Reserva,Mercado Interno,68,28.73
2025-04-17,Malbec,Joven,Mercado Interno,88,8.12
2025-04-18,Malbec,Joven,Mercado Interno,26,8.18
2025-04-18,Malbec,Gran Reserva,Exportación,131,45.18
2025-04-19,Tempranillo,Gran Reserva,Exportación,189,44.8
2025-04-19,Torrontés,Gran Reserva,Mercado Interno,45,30.52
2025-04-20,Tempranillo,Reserva,Exportación,91,22.74
2025-04-21,Cabernet Sauvignon,Reserva,Exportación,190,22.51
2025-04-21,Tempranillo,Reserva,Mercado Interno,80,14.94
2025-04-21,Malbec,Reserva,Mercado Interno,158,15.04
2025-04-21,Tempranillo,Joven,Mercado Interno,59,8.03
2025-04-21,Malbec,Joven,Mercado Interno,112,7.91
2025-04-21,Tempranillo,Reserva,Mercado Interno,58,15.19
2025-04-21,Malbec,Reserva,Mercado Interno,155,14.56
2025-04-22,Cabernet Sauvignon,Joven,Exportación,65,11.74
2025-04-22,Cabernet Sauvignon,Reserva,Mercado Interno,160,14.61
2025-04-22,Cabernet Sauvignon,Joven,Exportación,136,12.55
2025-04-22,Cabernet Sauvignon,Gran Reserva,Mercado Interno,174,31.02
2025-04-23,Tempranillo,Joven,Exportación,183,11.97
2025-04-23,Tempranillo,Reserva,Exportación,139,21.8
2025-04-23,Tempranillo,Gran Reserva,Mercado Interno,44,29.94
2025-04-23,Torrontés,Reserva,Exportación,182,22.46
2025-04-23,Cabernet Sauvignon,Reserva,Exportación,35,22.92
2025-04-23,Torrontés,Reserva,Exportación,152,21.72
2025-04-23,Tempranillo,Reserva,Mercado Interno,144,15.51
2025-04-24,Torrontés,Reserva,Mercado Interno,44,14.42
2025-04-24,Tempranillo,Joven,Exportación,130,11.87
2025-04-25,Cabernet Sauvignon,Joven,Mercado Interno,122,8.0
2025-04-25,Torrontés,Gran Reserva,Exportación,206,46.04
2025-04-26,Malbec,Reserva,Exportación,181,22.94
2025-04-26,Cabernet Sauvignon,Gran Reserva,Mercado Interno,99,28.84
2025-04-26,Tempranillo,Joven,Mercado Interno,194,8.22
2025-04-27,Cabernet Sauvignon,Joven,Mercado Interno,228,8.16
2025-04-27,Tempranillo,Gran Reserva,Mercado Interno,183,30.63
2025-04-27,Malbec,Reserva,Exportación,86,22.34
2025-04-28,Malbec,Reserva,Exportación,158,22.15
2025-04-28,Tempranillo,Joven,Exportación,80,12.36
2025-04-28,Torrontés,Gran Reserva,Mercado Interno,51,30.91
2025-04-28,Torrontés,Gran Reserva,Mercado Interno,200,29.2
2025-04-28,Cabernet Sauvignon,Gran Reserva,Mercado Interno,226,31.26
2025-04-28,Torrontés,Joven,Mercado Interno,40,7.9
2025-04-29,Malbec,Reserva,Mercado Interno,223,14.44
2025-04-29,Tempranillo,Gran Reserva,Exportación,31,46.98
2025-04-30,Tempranillo,Gran Reserva,Mercado Interno,73,29.44
2025-04-30,Tempranillo,Reserva,Mercado Interno,191,15.15
2025-05-01,Cabernet Sauvignon,Gran Reserva,Exportación,205,43.85
2025-05-01,Malbec,Joven,Exportación,159,12.58
2025-05-02,Malbec,Joven,Mercado Interno,280,8.33
2025-05-02,Cabernet Sauvignon,Joven,Exportación,193,12.29
2025-05-02,Torrontés,Reserva,Exportación,65,22.94
2025-05-02,Malbec,Joven,Mercado Interno,67,7.63
2025-05-02,Malbec,Reserva,Exportación,214,22.62
2025-05-03,Torrontés,Joven,Mercado Interno,73,8.37
2025-05-03,Cabernet Sauvignon,Reserva,Mercado Interno,250,14.25
2025-05-04,Tempranillo,Gran Reserva,Mercado Interno,149,30.29
2025-05-04,Tempranillo,Reserva,Exportación,181,22.49
2025-05-05,Torrontés,Gran Reserva,Mercado Interno,45,31.43
2025-05-05,Cabernet Sauvignon,Joven,Mercado Interno,319,8.27
2025-05-06,Malbec,Reserva,Mercado Interno,211,14.92
2025-05-06,Malbec,Reserva,Mercado Interno,325,15.09
2025-05-06,Tempranillo,Gran Reserva,Exportación,84,47.23
2025-05-06,Torrontés,Joven,Mercado Interno,200,8.0
2025-05-06,Tempranillo,Joven,Mercado Interno,183,8.16
2025-05-06,Torrontés,Reserva,Mercado Interno,125,15.03
2025-05-07,Malbec,Reserva,Mercado Interno,186,15.15
2025-05-07,Torrontés,Joven,Mercado Interno,134,8.25
2025-05-07,Torrontés,Joven,Mercado Interno,170,8.15
2025-05-07,Tempranillo,Gran Reserva,Exportación,235,46.08
2025-05-08,Malbec,Reserva,Exportación,220,21.05
2025-05-08,Malbec,Joven,Mercado Interno,46,8.32
2025-05-08,Malbec,Joven,Exportación,207,11.61
2025-05-08,Cabernet Sauvignon,Reserva,Exportación,273,20.95
2025-05-08,Cabernet Sauvignon,Reserva,Mercado Interno,78,15.55
2025-05-09,Tempranillo,Joven,Exportación,54,12.39
2025-05-09,Torrontés,Gran Reserva,Exportación,122,46.71
2025-05-09,Torrontés,Joven,Mercado Interno,178,7.93
2025-05-10,Torrontés,Reserva,Mercado Interno,110,14.61
2025-05-10,Cabernet Sauvignon,Gran Reserva,Exportación,213,45.02
2025-05-10,Malbec,Joven,Mercado Interno,70,7.7
2025-05-10,Torrontés,Gran Reserva,Exportación,190,45.75
2025-05-11,Cabernet Sauvignon,Joven,Mercado Interno,166,7.95
2025-05-11,Malbec,Joven,Exportación,217,12.26
2025-05-11,Cabernet Sauvignon,Gran Reserva,Mercado Interno,205,29.47
2025-05-12,Malbec,Reserva,Mercado Interno,316,15.74
2025-05-12,Tempranillo,Joven,Mercado Interno,211,7.89
2025-05-13,Cabernet Sauvignon,Reserva,Mercado Interno,166,15.18
2025-05-13,Cabernet Sauvignon,Reserva,Mercado Interno,63,15.27
2025-05-13,Cabernet Sauvignon,Reserva,Exportación,304,21.98
2025-05-13,Tempranillo,Joven,Exportación,210,11.57
2025-05-13,Torrontés,Reserva,Mercado Interno,70,14.29
2025-05-13,Tempranillo,Reserva,Mercado Interno,95,15.46
2025-05-14,Torrontés,Reserva,Mercado Interno,156,14.62
2025-05-14,Malbec,Reserva,Exportación,157,22.5
2025-05-14,Malbec,Joven,Mercado Interno,121,7.67
2025-05-14,Tempranillo,Reserva,Mercado Interno,99,15.35
2025-05-14,Malbec,Joven,Mercado Interno,226,8.38
2025-05-15,Tempranillo,Gran Reserva,Mercado Interno,227,28.57
2025-05-15,Cabernet Sauvignon,Gran Reserva,Mercado Interno,52,30.4
2025-05-15,Torrontés,Joven,Exportación,239,11.52
2025-05-16,Cabernet Sauvignon,Reserva,Exportación,313,22.18
2025-05-16,Tempranillo,Joven,Exportación,134,12.29
2025-05-16,Cabernet Sauvignon,Reserva,Exportación,307,22.46
2025-05-16,Cabernet Sauvignon,Gran Reserva,Mercado Interno,93,28.98
2025-05-17,Malbec,Gran Reserva,Exportación,136,45.68
2025-05-17,Torrontés,Joven,Mercado Interno,231,8.27
2025-05-17,Malbec,Joven,Mercado Interno,111,7.76
2025-05-17,Tempranillo,Reserva,Mercado Interno,30,15.33
2025-05-18,Cabernet Sauvignon,Reserva,Mercado Interno,69,15.18
2025-05-18,Tempranillo,Reserva,Exportación,81,22.4
2025-05-19,Tempranillo,Gran Reserva,Exportación,132,46.34
2025-05-19,Torrontés,Joven,Exportación,136,12.07
2025-05-20,Malbec,Gran Reserva,Exportación,264,42.85
2025-05-20,Malbec,Gran Reserva,Mercado Interno,292,30.04
2025-05-21,Tempranillo,Reserva,Mercado Interno,168,15.19
2025-05-21,Tempranillo,Reserva,Mercado Interno,76,15.67
2025-05-21,Tempranillo,Joven,Mercado Interno,173,8.02
2025-05-22,Malbec,Joven,Mercado Interno,186,8.08
2025-05-22,Torrontés,Gran Reserva,Mercado Interno,112,30.17
2025-05-23,Tempranillo,Gran Reserva,Mercado Interno,195,28.56
2025-05-23,Tempranillo,Gran Reserva,Mercado Interno,113,31.17
2025-05-23,Tempranillo,Joven,Mercado Interno,214,7.76
2025-05-23,Malbec,Joven,Mercado Interno,318,7.63
2025-05-24,Cabernet Sauvignon,Reserva,Mercado Interno,345,15.09
2025-05-24,Malbec,Gran Reserva,Mercado Interno,330,30.66
2025-05-24,Torrontés,Joven,Exportación,216,12.54
2025-05-24,Tempranillo,Reserva,Exportación,78,21.26
2025-05-24,Malbec,Reserva,Mercado Interno,85,14.74
2025-05-24,Malbec,Joven,Exportación,280,12.24
2025-05-24,Malbec,Reserva,Mercado Interno,112,14.49
2025-05-25,Tempranillo,Joven,Mercado Interno,234,8.29
2025-05-25,Tempranillo,Joven,Mercado Interno,178,7.77
2025-05-25,Torrontés,Gran Reserva,Exportación,61,44.47
2025-05-25,Malbec,Joven,Exportación,115,11.8
2025-05-25,Malbec,Joven,Exportación,66,12.43
2025-05-25,Cabernet Sauvignon,Reserva,Mercado Interno,342,14.6
2025-05-26,Tempranillo,Reserva,Mercado Interno,201,14.87
2025-05-26,Malbec,Reserva,Exportación,156,23.0
2025-05-26,Malbec,Reserva,Mercado Interno,157,15.31
2025-05-27,Cabernet Sauvignon,Joven,Mercado Interno,166,8.0
2025-05-27,Cabernet Sauvignon,Gran Reserva,Exportación,108,44.43
2025-05-27,Cabernet Sauvignon,Reserva,Mercado Interno,202,15.7
2025-05-27,Torrontés,Joven,Exportación,43,11.93
2025-05-27,Cabernet Sauvignon,Joven,Mercado Interno,106,7.91
2025-05-27,Malbec,Joven,Exportación,195,11.48
2025-05-28,Tempranillo,Joven,Mercado Interno,110,8.24
2025-05-28,Tempranillo,Gran Reserva,Mercado Interno,40,30.05
2025-05-28,Torrontés,Gran Reserva,Exportación,116,42.83
2025-05-28,Malbec,Reserva,Exportación,175,21.25
2025-05-28,Cabernet Sauvignon,Reserva,Exportación,304,22.01
2025-05-29,Malbec,Gran Reserva,Exportación,334,46.91
2025-05-29,Malbec,Gran Reserva,Mercado Interno,306,29.73
2025-05-30,Malbec,Reserva,Exportación,219,22.66
2025-05-30,Cabernet Sauvignon,Reserva,Mercado Interno,120,15.59
2025-05-30,Torrontés,Joven,Mercado Interno,108,7.95
2025-05-30,Cabernet Sauvignon,Joven,Mercado Interno,358,8.04
2025-05-31,Cabernet Sauvignon,Joven,Exportación,165,12.01
2025-05-31,Tempranillo,Gran Reserva,Mercado Interno,157,30.14
2025-05-31,Tempranillo,Reserva,Exportación,131,21.94
2025-05-31,Tempranillo,Reserva,Mercado Interno,172,14.28
2025-05-31,Torrontés,Reserva,Mercado Interno,131,14.82
2025-06-01,Torrontés,Gran Reserva,Exportación,141,44.94
2025-06-01,Tempranillo,Reserva,Exportación,137,22.88
2025-06-01,Cabernet Sauvignon,Reserva,Mercado Interno,162,15.55
2025-06-01,Torrontés,Reserva,Exportación,94,21.12
2025-06-01,Cabernet Sauvignon,Joven,Exportación,208,11.41
2025-06-01,Torrontés,Gran Reserva,Mercado Interno,30,28.53
2025-06-02,Tempranillo,Gran Reserva,Mercado Interno,46,30.57
2025-06-02,Cabernet Sauvignon,Reserva,Mercado Interno,252,14.31
2025-06-02,Cabernet Sauvignon,Joven,Mercado Interno,162,8.04
2025-06-03,Tempranillo,Joven,Exportación,67,12.18
2025-06-03,Cabernet Sauvignon,Joven,Mercado Interno,174,8.09
2025-06-03,Cabernet Sauvignon,Gran Reserva,Exportación,291,45.68
2025-06-03,Malbec,Joven,Mercado Interno,246,8.2
2025-06-03,Cabernet Sauvignon,Gran Reserva,Exportación,225,43.01
2025-06-04,Cabernet Sauvignon,Reserva,Mercado Interno,268,15.27
2025-06-04,Cabernet Sauvignon,Reserva,Exportación,121,21.65
2025-06-05,Cabernet Sauvignon,Gran Reserva,Mercado Interno,307,31.17
2025-06-05,Tempranillo,Joven,Exportación,155,11.95
2025-06-06,Torrontés,Joven,Exportación,152,11.46
2025-06-06,Cabernet Sauvignon,Gran Reserva,Exportación,169,45.43
2025-06-06,Cabernet Sauvignon,Gran Reserva,Mercado Interno,151,29.38
2025-06-06,Tempranillo,Joven,Mercado Interno,192,8.02
2025-06-06,Tempranillo,Reserva,Mercado Interno,230,14.26
2025-06-07,Torrontés,Reserva,Mercado Interno,155,14.5
2025-06-07,Torrontés,Gran Reserva,Exportación,80,46.95
2025-06-07,Cabernet Sauvignon,Joven,Mercado Interno,141,8.15
2025-06-08,Torrontés,Gran Reserva,Exportación,32,44.16
2025-06-09,Malbec,Joven,Mercado Interno,90,7.8
2025-06-09,Malbec,Gran Reserva,Exportación,220,46.72
2025-06-09,Malbec,Gran Reserva,Mercado Interno,262,28.61
2025-06-09,Malbec,Joven,Exportación,37,11.42
2025-06-09,Cabernet Sauvignon,Reserva,Mercado Interno,51,15.5
2025-06-09,Torrontés,Reserva,Exportación,195,21.41
2025-06-09,Torrontés,Reserva,Exportación,138,21.52
2025-06-10,Malbec,Gran Reserva,Mercado Interno,135,28.65
2025-06-10,Torrontés,Reserva,Exportación,31,20.96
2025-06-10,Torrontés,Gran Reserva,Exportación,93,46.69
2025-06-10,Malbec,Joven,Mercado Interno,151,7.95
2025-06-10,Malbec,Gran Reserva,Mercado Interno,190,30.06
2025-06-10,Malbec,Joven,Mercado Interno,138,7.62
2025-06-11,Tempranillo,Gran Reserva,Exportación,52,46.2
2025-06-11,Torrontés,Reserva,Mercado Interno,125,14.28
2025-06-12,Tempranillo,Reserva,Mercado Interno,190,15.67
2025-06-12,Malbec,Gran Reserva,Exportación,297,43.74
2025-06-12,Tempranillo,Reserva,Mercado Interno,36,15.06
2025-06-12,Tempranillo,Reserva,Mercado Interno,222,15.06
2025-06-13,Cabernet Sauvignon,Reserva,Mercado Interno,199,15.58
2025-06-13,Torrontés,Gran Reserva,Exportación,155,44.84
2025-06-13,Malbec,Reserva,Exportación,354,21.39
2025-06-14,Tempranillo,Gran Reserva,Mercado Interno,92,29.03
2025-06-14,Torrontés,Gran Reserva,Mercado Interno,224,29.76
2025-06-14,Tempranillo,Reserva,Exportación,115,22.25
2025-06-14,Cabernet Sauvignon,Joven,Exportación,159,12.44
2025-06-15,Malbec,Reserva,Mercado Interno,175,14.64
2025-06-16,Cabernet Sauvignon,Joven,Mercado Interno,91,7.69
2025-06-16,Cabernet Sauvignon,Gran Reserva,Mercado Interno,306,30.31
2025-06-17,Torrontés,Gran Reserva,Mercado Interno,153,31.4
2025-06-17,Torrontés,Joven,Mercado Interno,155,8.32
2025-06-17,Cabernet Sauvignon,Gran Reserva,Exportación,219,46.23
2025-06-18,Malbec,Reserva,Mercado Interno,277,15.39
2025-06-19,Cabernet Sauvignon,Reserva,Mercado Interno,142,14.44
2025-06-19,Tempranillo,Gran Reserva,Exportación,214,44.44
2025-06-19,Malbec,Joven,Mercado Interno,286,8.08
2025-06-19,Torrontés,Reserva,Mercado Interno,51,15.19
2025-06-19,Torrontés,Joven,Exportación,35,12.21
2025-06-19,Cabernet Sauvignon,Joven,Exportación,256,11.8
2025-06-20,Tempranillo,Joven,Exportación,182,11.9
2025-06-20,Malbec,Reserva,Mercado Interno,81,14.32
2025-06-21,Torrontés,Gran Reserva,Exportación,197,43.67
2025-06-21,Torrontés,Gran Reserva,Mercado Interno,180,29.41
2025-06-21,Cabernet Sauvignon,Gran Reserva,Exportación,199,45.64
2025-06-21,Tempranillo,Reserva,Mercado Interno,72,14.95
2025-06-21,Cabernet Sauvignon,Joven,Exportación,231,11.88
2025-06-22,Cabernet Sauvignon,Joven,Mercado Interno,132,7.97
2025-06-22,Tempranillo,Joven,Mercado Interno,84,7.91
2025-06-22,Cabernet Sauvignon,Joven,Exportación,231,12.07
2025-06-22,Tempranillo,Reserva,Exportación,169,22.17
2025-06-22,Cabernet Sauvignon,Reserva,Mercado Interno,73,15.02
2025-06-22,Cabernet Sauvignon,Reserva,Mercado Interno,252,15.31
2025-06-22,Malbec,Gran Reserva,Exportación,46,46.7
2025-06-23,Torrontés,Joven,Mercado Interno,198,8.12
2025-06-23,Tempranillo,Gran Reserva,Mercado Interno,180,29.02
2025-06-24,Malbec,Reserva,Mercado Interno,123,15.59
2025-06-25,Malbec,Reserva,Exportación,210,22.63
2025-06-25,Tempranillo,Joven,Exportación,138,12.49
2025-06-26,Cabernet Sauvignon,Joven,Mercado Interno,202,8.36
2025-06-26,Cabernet Sauvignon,Gran Reserva,Exportación,252,46.63
2025-06-26,Cabernet Sauvignon,Gran Reserva,Mercado Interno,94,29.79
2025-06-26,Cabernet Sauvignon,Gran Reserva,Exportación,93,43.74
2025-06-26,Malbec,Gran Reserva,Exportación,199,45.59
2025-06-26,Tempranillo,Reserva,Exportación,183,22.03
2025-06-27,Cabernet Sauvignon,Joven,Mercado Interno,51,7.78
2025-06-27,Tempranillo,Gran Reserva,Mercado Interno,36,28.89
2025-06-27,Tempranillo,Joven,Exportación,211,11.88
2025-06-28,Torrontés,Joven,Mercado Interno,168,7.98
2025-06-28,Tempranillo,Gran Reserva,Mercado Interno,86,28.68
2025-06-28,Cabernet Sauvignon,Joven,Exportación,189,12.14
2025-06-28,Tempranillo,Reserva,Mercado Interno,188,14.65
2025-06-28,Malbec,Gran Reserva,Mercado Interno,75,29.56
2025-06-29,Malbec,Gran Reserva,Mercado Interno,262,29.98
2025-06-29,Tempranillo,Gran Reserva,Mercado Interno,36,29.05
2025-06-29,Cabernet Sauvignon,Joven,Mercado Interno,196,8.18
2025-06-29,Cabernet Sauvignon,Gran Reserva,Mercado Interno,235,30.67
2025-06-29,Tempranillo,Gran Reserva,Mercado Interno,166,29.23
2025-06-29,Torrontés,Reserva,Mercado Interno,220,14.93
2025-06-30,Tempranillo,Joven,Exportación,139,12.44
2025-06-30,Malbec,Gran Reserva,Mercado Interno,213,30.22
2025-07-01,Malbec,Gran Reserva,Mercado Interno,253,29.03
2025-07-01,Tempranillo,Joven,Mercado Interno,67,7.96
2025-07-01,Torrontés,Gran Reserva,Mercado Interno,26,29.73
2025-07-02,Tempranillo,Gran Reserva,Exportación,156,44.64
2025-07-02,Tempranillo,Reserva,Mercado Interno,169,14.62
2025-07-03,Malbec,Reserva,Mercado Interno,42,14.72
2025-07-03,Tempranillo,Joven,Exportación,122,12.58
2025-07-03,Malbec,Gran Reserva,Exportación,117,45.16
2025-07-03,Torrontés,Reserva,Exportación,34,21.9
2025-07-04,Torrontés,Reserva,Mercado Interno,98,14.77
2025-07-05,Cabernet Sauvignon,Gran Reserva,Exportación,99,46.95
2025-07-05,Torrontés,Joven,Mercado Interno,149,7.91
2025-07-05,Cabernet Sauvignon,Reserva,Exportación,351,21.51
2025-07-06,Cabernet Sauvignon,Gran Reserva,Exportación,81,44.2
2025-07-06,Malbec,Gran Reserva,Exportación,184,46.84
2025-07-06,Malbec,Joven,Mercado Interno,109,8.32
2025-07-06,Cabernet Sauvignon,Joven,Exportación,240,12.35
2025-07-06,Tempranillo,Gran Reserva,Mercado Interno,96,29.47
2025-07-07,Malbec,Reserva,Mercado Interno,43,14.81
2025-07-07,Tempranillo,Reserva,Mercado Interno,142,14.65
2025-07-07,Torrontés,Joven,Exportación,176,12.42
2025-07-08,Cabernet Sauvignon,Gran Reserva,Mercado Interno,54,31.41
2025-07-08,Malbec,Gran Reserva,Exportación,333,45.15
2025-07-09,Cabernet Sauvignon,Reserva,Exportación,46,23.03
2025-07-09,Torrontés,Gran Reserva,Mercado Interno,198,30.76
2025-07-09,Torrontés,Gran Reserva,Exportación,34,46.82
2025-07-09,Tempranillo,Joven,Mercado Interno,200,8.01
2025-07-09,Torrontés,Gran Reserva,Exportación,109,46.26
2025-07-09,Tempranillo,Joven,Mercado Interno,145,8.37
2025-07-10,Malbec,Gran Reserva,Exportación,286,45.91
2025-07-10,Malbec,Joven,Exportación,58,11.91
2025-07-10,Tempranillo,Gran Reserva,Mercado Interno,97,28.78
2025-07-11,Malbec,Joven,Exportación,208,11.54
2025-07-11,Malbec,Gran Reserva,Mercado Interno,327,31.18
2025-07-11,Malbec,Joven,Mercado Interno,112,7.99
2025-07-11,Tempranillo,Gran Reserva,Exportación,33,43.97
2025-07-11,Malbec,Gran Reserva,Exportación,205,44.9
2025-07-11,Malbec,Gran Reserva,Exportación,325,45.93
2025-07-11,Torrontés,Gran Reserva,Exportación,166,46.72
2025-07-13,Torrontés,Gran Reserva,Mercado Interno,129,30.47
2025-07-13,Cabernet Sauvignon,Reserva,Mercado Interno,205,15.36
2025-07-13,Tempranillo,Reserva,Mercado Interno,51,15.26
2025-07-14,Tempranillo,Reserva,Exportación,135,21.87
2025-07-14,Cabernet Sauvignon,Gran Reserva,Exportación,214,45.47
2025-07-14,Malbec,Reserva,Mercado Interno,144,14.52
2025-07-15,Malbec,Reserva,Mercado Interno,117,14.57
2025-07-15,Malbec,Gran Reserva,Mercado Interno,186,28.87
2025-07-15,Torrontés,Reserva,Exportación,38,21.34
2025-07-16,Tempranillo,Gran Reserva,Exportación,35,44.8
2025-07-16,Torrontés,Joven,Exportación,157,12.08
2025-07-17,Cabernet Sauvignon,Joven,Mercado Interno,162,7.88
2025-07-17,Cabernet Sauvignon,Reserva,Mercado Interno,226,14.33
2025-07-17,Malbec,Joven,Mercado Interno,139,8.12
2025-07-17,Malbec,Reserva,Mercado Interno,135,15.05
2025-07-17,Malbec,Joven,Exportación,54,12.34
2025-07-17,Malbec,Gran Reserva,Mercado Interno,177,30.12
2025-07-18,Cabernet Sauvignon,Joven,Mercado Interno,51,8.2
2025-07-19,Cabernet Sauvignon,Joven,Exportación,43,11.63
2025-07-20,Tempranillo,Joven,Mercado Interno,102,8.26
2025-07-20,Tempranillo,Reserva,Mercado Interno,51,15.04
2025-07-20,Cabernet Sauvignon,Gran Reserva,Mercado Interno,283,30.95
2025-07-21,Malbec,Gran Reserva,Mercado Interno,354,31.12
2025-07-21,Tempranillo,Gran Reserva,Exportación,107,44.76
2025-07-21,Malbec,Joven,Mercado Interno,351,8.27
2025-07-21,Malbec,Reserva,Mercado Interno,312,15.12
2025-07-21,Cabernet Sauvignon,Gran Reserva,Exportación,88,47.14
2025-07-22,Malbec,Reserva,Exportación,264,21.8
2025-07-22,Tempranillo,Joven,Exportación,105,11.85
2025-07-22,Cabernet Sauvignon,Reserva,Mercado Interno,88,15.69
2025-07-23,Malbec,Gran Reserva,Mercado Interno,271,31.44
2025-07-24,Torrontés,Gran Reserva,Mercado Interno,167,28.63
2025-07-24,Malbec,Reserva,Mercado Interno,175,14.96
2025-07-25,Malbec,Gran Reserva,Exportación,198,45.76
2025-07-25,Malbec,Gran Reserva,Mercado Interno,88,31.42
2025-07-26,Cabernet Sauvignon,Gran Reserva,Exportación,325,42.98
2025-07-26,Malbec,Reserva,Mercado Interno,342,14.37
2025-07-26,Cabernet Sauvignon,Joven,Exportación,322,11.73
2025-07-27,Cabernet Sauvignon,Reserva,Mercado Interno,120,14.58
2025-07-27,Malbec,Reserva,Mercado Interno,192,15.22
2025-07-27,Torrontés,Reserva,Exportación,81,20.98
2025-07-29,Torrontés,Gran Reserva,Mercado Interno,206,31.23
2025-07-29,Cabernet Sauvignon,Joven,Mercado Interno,93,7.99
2025-07-31,Tempranillo,Joven,Exportación,35,11.99
2025-07-31,Malbec,Reserva,Mercado Interno,235,15.61
2025-07-31,Tempranillo,Reserva,Mercado Interno,196,14.43
2025-08-01,Torrontés,Reserva,Mercado Interno,208,15.36
2025-08-01,Cabernet Sauvignon,Reserva,Mercado Interno,138,14.64
2025-08-01,Torrontés,Joven,Exportación,140,12.4
2025-08-02,Torrontés,Gran Reserva,Exportación,215,44.07
2025-08-02,Cabernet Sauvignon,Joven,Mercado Interno,343,8.23
2025-08-02,Torrontés,Reserva,Mercado Interno,161,14.89
2025-08-02,Cabernet Sauvignon,Joven,Mercado Interno,246,8.12
2025-08-03,Malbec,Reserva,Exportación,357,21.34
2025-08-03,Torrontés,Reserva,Mercado Interno,189,15.04
2025-08-03,Tempranillo,Gran Reserva,Mercado Interno,51,29.2
2025-08-03,Malbec,Joven,Exportación,244,12.55
2025-08-04,Tempranillo,Gran Reserva,Mercado Interno,163,29.47
2025-08-04,Torrontés,Joven,Mercado Interno,207,7.87
2025-08-04,Torrontés,Reserva,Exportación,220,23.06
2025-08-05,Tempranillo,Reserva,Mercado Interno,91,14.69
2025-08-05,Malbec,Joven,Mercado Interno,144,8.32
2025-08-05,Torrontés,Reserva,Exportación,117,22.31
2025-08-05,Cabernet Sauvignon,Joven,Mercado Interno,171,8.02
2025-08-05,Torrontés,Reserva,Exportación,220,21.95
2025-08-05,Malbec,Joven,Mercado Interno,226,7.6
2025-08-06,Tempranillo,Joven,Exportación,125,12.49
2025-08-06,Cabernet Sauvignon,Reserva,Exportación,163,21.64
2025-08-06,Torrontés,Reserva,Mercado Interno,193,15.74
2025-08-06,Torrontés,Gran Reserva,Mercado Interno,170,30.44
2025-08-06,Malbec,Gran Reserva,Mercado Interno,328,29.83
2025-08-06,Malbec,Gran Reserva,Mercado Interno,120,30.78
2025-08-08,Cabernet Sauvignon,Gran Reserva,Exportación,309,45.39
2025-08-08,Cabernet Sauvignon,Joven,Mercado Interno,283,8.07
2025-08-08,Tempranillo,Joven,Mercado Interno,189,7.61
2025-08-08,Malbec,Joven,Mercado Interno,187,7.84
2025-08-08,Tempranillo,Reserva,Mercado Interno,237,14.69
2025-08-08,Malbec,Joven,Exportación,318,11.54
2025-08-08,Tempranillo,Joven,Mercado Interno,86,8.23
2025-08-09,Tempranillo,Reserva,Exportación,171,21.51
2025-08-10,Torrontés,Reserva,Exportación,122,21.21
2025-08-10,Malbec,Gran Reserva,Mercado Interno,82,29.99
2025-08-10,Cabernet Sauvignon,Gran Reserva,Mercado Interno,340,29.71
2025-08-11,Torrontés,Gran Reserva,Exportación,198,47.0
2025-08-11,Malbec,Gran Reserva,Mercado Interno,66,30.68
2025-08-11,Torrontés,Reserva,Exportación,90,23.03
2025-08-11,Malbec,Gran Reserva,Mercado Interno,235,29.5
2025-08-11,Tempranillo,Reserva,Exportación,119,21.12
2025-08-12,Tempranillo,Gran Reserva,Mercado Interno,101,30.4
2025-08-12,Malbec,Gran Reserva,Mercado Interno,48,30.85
2025-08-12,Malbec,Gran Reserva,Exportación,327,45.61
2025-08-12,Cabernet Sauvignon,Reserva,Mercado Interno,109,14.65
2025-08-12,Cabernet Sauvignon,Reserva,Exportación,288,22.99
2025-08-13,Torrontés,Gran Reserva,Exportación,191,43.71
2025-08-13,Malbec,Reserva,Mercado Interno,168,14.74
2025-08-13,Malbec,Gran Reserva,Exportación,178,43.81
2025-08-13,Malbec,Reserva,Mercado Interno,147,15.13
2025-08-13,Malbec,Reserva,Mercado Interno,130,14.45
2025-08-14,Malbec,Joven,Mercado Interno,42,8.16
2025-08-14,Cabernet Sauvignon,Reserva,Mercado Interno,345,14.9
2025-08-14,Torrontés,Reserva,Exportación,190,23.06
2025-08-15,Cabernet Sauvignon,Reserva,Mercado Interno,223,15.28
2025-08-15,Malbec,Reserva,Exportación,307,21.78
2025-08-15,Cabernet Sauvignon,Reserva,Mercado Interno,345,14.39
2025-08-15,Tempranillo,Joven,Mercado Interno,190,8.3
2025-08-15,Torrontés,Gran Reserva,Exportación,130,46.93
2025-08-16,Cabernet Sauvignon,Reserva,Exportación,276,21.18
2025-08-16,Malbec,Joven,Mercado Interno,72,7.66
2025-08-16,Cabernet Sauvignon,Joven,Exportación,295,12.55
2025-08-17,Tempranillo,Gran Reserva,Mercado Interno,189,29.15
2025-08-17,Tempranillo,Gran Reserva,Exportación,202,44.24
2025-08-17,Malbec,Reserva,Mercado Interno,171,14.62
2025-08-17,Tempranillo,Gran Reserva,Mercado Interno,218,30.77
2025-08-17,Cabernet Sauvignon,Joven,Mercado Interno,39,7.88
2025-08-17,Malbec,Reserva,Mercado Interno,114,15.5
2025-08-18,Tempranillo,Gran Reserva,Exportación,70,46.53
2025-08-18,Malbec,Reserva,Exportación,235,21.45
2025-08-19,Torrontés,Reserva,Exportación,177,21.96
2025-08-19,Torrontés,Gran Reserva,Mercado Interno,68,28.93
2025-08-19,Cabernet Sauvignon,Gran Reserva,Mercado Interno,52,28.7
2025-08-19,Torrontés,Reserva,Mercado Interno,136,15.17
2025-08-19,Cabernet Sauvignon,Reserva,Exportación,259,21.63
2025-08-19,Tempranillo,Joven,Mercado Interno,37,8.14
2025-08-21,Malbec,Joven,Exportación,202,11.66
2025-08-21,Malbec,Joven,Mercado Interno,297,8.02
2025-08-21,Malbec,Gran Reserva,Mercado Interno,303,28.5
2025-08-21,Tempranillo,Gran Reserva,Exportación,51,44.35
2025-08-21,Cabernet Sauvignon,Gran Reserva,Mercado Interno,66,29.09
2025-08-21,Tempranillo,Gran Reserva,Mercado Interno,225,28.56
2025-08-21,Cabernet Sauvignon,Gran Reserva,Exportación,348,42.82
2025-08-21,Malbec,Reserva,Exportación,36,21.37
2025-08-22,Malbec,Joven,Mercado Interno,87,7.78
2025-08-23,Cabernet Sauvignon,Gran Reserva,Mercado Interno,120,28.53
2025-08-23,Cabernet Sauvignon,Gran Reserva,Exportación,336,44.16
2025-08-24,Cabernet Sauvignon,Reserva,Exportación,328,22.98
2025-08-24,Torrontés,Reserva,Exportación,160,23.07
2025-08-24,Torrontés,Joven,Mercado Interno,70,8.3
2025-08-24,Malbec,Reserva,Exportación,192,21.66
2025-08-25,Malbec,Joven,Mercado Interno,307,7.87
2025-08-25,Torrontés,Joven,Mercado Interno,179,7.76
2025-08-25,Malbec,Reserva,Exportación,43,22.66
2025-08-25,Tempranillo,Gran Reserva,Mercado Interno,139,28.51
2025-08-26,Malbec,Gran Reserva,Mercado Interno,285,31.46
2025-08-26,Torrontés,Reserva,Mercado Interno,141,14.73
2025-08-26,Tempranillo,Joven,Mercado Interno,139,7.65
2025-08-27,Torrontés,Joven,Mercado Interno,39,7.76
2025-08-27,Malbec,Joven,Mercado Interno,340,7.66
2025-08-27,Cabernet Sauvignon,Gran Reserva,Mercado Interno,231,31.46
2025-08-27,Tempranillo,Reserva,Mercado Interno,162,15.07
2025-08-27,Cabernet Sauvignon,Gran Reserva,Exportación,121,44.89
2025-08-28,Tempranillo,Gran Reserva,Exportación,178,45.8
2025-08-28,Malbec,Joven,Mercado Interno,135,7.92
2025-08-28,Malbec,Joven,Mercado Interno,79,8.2
2025-08-29,Tempranillo,Joven,Mercado Interno,37,7.67
2025-08-30,Malbec,Gran Reserva,Mercado Interno,295,28.69
2025-08-30,Malbec,Gran Reserva,Mercado Interno,265,29.92
2025-08-30,Cabernet Sauvignon,Joven,Exportación,208,11.7
2025-08-30,Malbec,Reserva,Exportación,148,22.79
2025-08-31,Torrontés,Reserva,Exportación,101,21.44
2025-08-31,Cabernet Sauvignon,Reserva,Mercado Interno,277,15.66
2025-08-31,Tempranillo,Reserva,Mercado Interno,101,15.02
2025-09-01,Malbec,Reserva,Mercado Interno,98,15.48
2025-09-01,Cabernet Sauvignon,Joven,Mercado Interno,114,8.29
2025-09-03,Tempranillo,Reserva,Mercado Interno,123,15.61
2025-09-03,Cabernet Sauvignon,Reserva,Exportación,168,22.59
2025-09-04,Torrontés,Joven,Mercado Interno,35,8.39
2025-09-04,Tempranillo,Gran Reserva,Exportación,72,43.25
2025-09-04,Malbec,Gran Reserva,Mercado Interno,214,30.57
2025-09-04,Malbec,Reserva,Mercado Interno,93,14.33
2025-09-04,Tempranillo,Gran Reserva,Mercado Interno,49,30.99
2025-09-04,Tempranillo,Reserva,Exportación,107,20.94
2025-09-06,Cabernet Sauvignon,Joven,Exportación,129,12.01
2025-09-06,Cabernet Sauvignon,Joven,Mercado Interno,214,8.05
2025-09-06,Tempranillo,Reserva,Mercado Interno,220,14.26
2025-09-06,Malbec,Reserva,Exportación,188,20.92
2025-09-07,Malbec,Reserva,Exportación,108,22.74
2025-09-07,Malbec,Joven,Mercado Interno,234,8.12
2025-09-07,Torrontés,Joven,Mercado Interno,195,8.19
2025-09-08,Cabernet Sauvignon,Reserva,Mercado Interno,231,15.54
2025-09-08,Torrontés,Gran Reserva,Exportación,193,44.3
2025-09-08,Cabernet Sauvignon,Gran Reserva,Mercado Interno,107,28.66
2025-09-09,Torrontés,Gran Reserva,Mercado Interno,75,29.3
2025-09-09,Malbec,Reserva,Mercado Interno,207,14.65
2025-09-09,Cabernet Sauvignon,Reserva,Exportación,60,22.62
2025-09-09,Malbec,Joven,Mercado Interno,147,7.93
2025-09-09,Malbec,Reserva,Mercado Interno,140,14.43
2025-09-09,Malbec,Reserva,Mercado Interno,215,15.66
2025-09-09,Cabernet Sauvignon,Joven,Mercado Interno,61,8.15
2025-09-10,Torrontés,Joven,Mercado Interno,108,7.85
2025-09-10,Malbec,Reserva,Exportación,62,22.29
2025-09-10,Tempranillo,Joven,Exportación,27,11.9
2025-09-10,Cabernet Sauvignon,Gran Reserva,Exportación,134,45.24
2025-09-10,Malbec,Gran Reserva,Exportación,239,46.01
2025-09-10,Torrontés,Gran Reserva,Exportación,58,43.84
2025-09-11,Cabernet Sauvignon,Joven,Exportación,211,11.94
2025-09-11,Cabernet Sauvignon,Gran Reserva,Mercado Interno,115,28.63
2025-09-11,Torrontés,Joven,Mercado Interno,37,7.81
2025-09-11,Cabernet Sauvignon,Gran Reserva,Mercado Interno,57,28.9
2025-09-11,Malbec,Reserva,Mercado Interno,209,14.52
2025-09-12,Tempranillo,Reserva,Exportación,64,21.43
2025-09-12,Torrontés,Gran Reserva,Exportación,46,44.55
2025-09-12,Torrontés,Gran Reserva,Mercado Interno,165,29.85
2025-09-13,Torrontés,Reserva,Exportación,30,22.25
2025-09-13,Cabernet Sauvignon,Reserva,Mercado Interno,201,15.42
2025-09-14,Torrontés,Joven,Exportación,70,11.47
2025-09-14,Tempranillo,Joven,Mercado Interno,36,7.93
2025-09-14,Cabernet Sauvignon,Gran Reserva,Exportación,179,45.79
2025-09-14,Torrontés,Joven,Mercado Interno,44,7.66
2025-09-14,Malbec,Reserva,Exportación,122,20.93
2025-09-15,Cabernet Sauvignon,Joven,Mercado Interno,76,8.15
2025-09-15,Torrontés,Gran Reserva,Mercado Interno,101,30.64
2025-09-16,Malbec,Reserva,Mercado Interno,118,14.98
2025-09-16,Tempranillo,Joven,Mercado Interno,217,8.13
2025-09-16,Cabernet Sauvignon,Joven,Exportación,193,12.28
2025-09-16,Cabernet Sauvignon,Reserva,Exportación,119,22.94
2025-09-16,Tempranillo,Joven,Mercado Interno,210,8.29
2025-09-16,Torrontés,Reserva,Mercado Interno,92,15.12
2025-09-17,Tempranillo,Joven,Exportación,135,11.81
2025-09-17,Malbec,Gran Reserva,Mercado Interno,206,29.71
2025-09-18,Tempranillo,Reserva,Exportación,103,22.36
2025-09-18,Malbec,Joven,Exportación,171,12.23
2025-09-18,Malbec,Reserva,Exportación,96,22.57
2025-09-19,Malbec,Gran Reserva,Mercado Interno,164,30.09
2025-09-19,Malbec,Gran Reserva,Mercado Interno,46,30.95
2025-09-20,Malbec,Joven,Mercado Interno,232,7.69
2025-09-21,Torrontés,Gran Reserva,Exportación,172,46.17
2025-09-21,Cabernet Sauvignon,Joven,Mercado Interno,26,7.73
2025-09-21,Malbec,Joven,Mercado Interno,166,8.2
2025-09-21,Malbec,Reserva,Exportación,221,22.04
2025-09-21,Tempranillo,Gran Reserva,Exportación,73,45.33
2025-09-21,Tempranillo,Gran Reserva,Mercado Interno,101,28.95
2025-09-22,Cabernet Sauvignon,Reserva,Mercado Interno,91,15.67
2025-09-22,Malbec,Joven,Mercado Interno,152,8.0
2025-09-22,Torrontés,Gran Reserva,Exportación,214,46.92
2025-09-24,Malbec,Reserva,Mercado Interno,161,14.63
2025-09-24,Cabernet Sauvignon,Gran Reserva,Exportación,109,47.09
2025-09-24,Cabernet Sauvignon,Joven,Mercado Interno,133,7.85
2025-09-24,Malbec,Reserva,Mercado Interno,101,14.77
2025-09-25,Torrontés,Reserva,Exportación,169,21.78
2025-09-25,Torrontés,Joven,Mercado Interno,39,8.05
2025-09-25,Torrontés,Reserva,Mercado Interno,61,15.67
2025-09-25,Cabernet Sauvignon,Gran Reserva,Mercado Interno,211,29.79
2025-09-25,Torrontés,Joven,Mercado Interno,62,8.02
2025-09-26,Tempranillo,Joven,Mercado Interno,169,8.11
2025-09-27,Malbec,Joven,Exportación,79,12.04
2025-09-27,Torrontés,Gran Reserva,Mercado Interno,181,29.75
2025-09-28,Malbec,Joven,Mercado Interno,160,7.95
2025-09-28,Tempranillo,Reserva,Mercado Interno,198,14.34
2025-09-28,Malbec,Joven,Exportación,230,11.91
2025-09-29,Malbec,Joven,Mercado Interno,95,7.65
2025-09-29,Malbec,Reserva,Mercado Interno,179,14.94
2025-09-30,Cabernet Sauvignon,Gran Reserva,Exportación,121,44.99
2025-09-30,Cabernet Sauvignon,Joven,Exportación,24,12.4
2025-09-30,Malbec,Reserva,Exportación,158,21.82
2025-09-30,Malbec,Joven,Exportación,202,11.7
2025-09-30,Torrontés,Gran Reserva,Exportación,118,43.33
2025-10-01,Malbec,Joven,Mercado Interno,107,8.15
2025-10-01,Cabernet Sauvignon,Joven,Mercado Interno,63,7.95
2025-10-02,Malbec,Joven,Exportación,124,11.97
2025-10-02,Cabernet Sauvignon,Reserva,Mercado Interno,162,15.15
2025-10-02,Cabernet Sauvignon,Joven,Mercado Interno,51,8.01
2025-10-04,Torrontés,Gran Reserva,Exportación,48,44.75
2025-10-04,Cabernet Sauvignon,Gran Reserva,Mercado Interno,61,29.0
2025-10-04,Cabernet Sauvignon,Reserva,Mercado Interno,110,15.72
2025-10-04,Tempranillo,Reserva,Exportación,208,22.63
2025-10-04,Tempranillo,Joven,Mercado Interno,111,8.21
2025-10-04,Cabernet Sauvignon,Reserva,Exportación,186,21.86
2025-10-05,Torrontés,Reserva,Exportación,227,22.67
2025-10-06,Malbec,Joven,Mercado Interno,135,7.87
2025-10-06,Torrontés,Gran Reserva,Mercado Interno,152,30.24
2025-10-07,Malbec,Joven,Exportación,107,12.15
2025-10-07,Malbec,Joven,Mercado Interno,237,8.26
2025-10-07,Cabernet Sauvignon,Gran Reserva,Mercado Interno,211,29.57
2025-10-07,Cabernet Sauvignon,Joven,Mercado Interno,183,7.97
2025-10-07,Torrontés,Reserva,Exportación,93,22.32
2025-10-08,Tempranillo,Joven,Exportación,69,11.78
2025-10-08,Cabernet Sauvignon,Gran Reserva,Exportación,99,45.72
2025-10-09,Torrontés,Reserva,Mercado Interno,169,15.12
2025-10-09,Tempranillo,Joven,Mercado Interno,91,7.82
2025-10-09,Cabernet Sauvignon,Gran Reserva,Exportación,189,46.64
2025-10-09,Torrontés,Gran Reserva,Exportación,140,44.52
2025-10-10,Malbec,Gran Reserva,Mercado Interno,187,31.32
2025-10-10,Malbec,Gran Reserva,Exportación,34,43.98
2025-10-10,Malbec,Reserva,Mercado Interno,164,14.77
2025-10-10,Torrontés,Joven,Mercado Interno,183,8.35
2025-10-10,Tempranillo,Reserva,Mercado Interno,216,15.51
2025-10-10,Malbec,Gran Reserva,Exportación,193,46.59
2025-10-11,Malbec,Reserva,Mercado Interno,129,14.67
2025-10-11,Tempranillo,Joven,Mercado Interno,124,7.68
2025-10-11,Torrontés,Joven,Mercado Interno,107,8.07
2025-10-11,Tempranillo,Joven,Mercado Interno,141,7.73
2025-10-12,Tempranillo,Reserva,Exportación,196,22.44
2025-10-12,Cabernet Sauvignon,Joven,Mercado Interno,182,7.84
2025-10-12,Tempranillo,Gran Reserva,Exportación,184,43.25
2025-10-12,Tempranillo,Gran Reserva,Mercado Interno,45,29.6
2025-10-13,Torrontés,Reserva,Exportación,136,21.2
2025-10-13,Malbec,Joven,Mercado Interno,184,8.01
2025-10-13,Torrontés,Gran Reserva,Mercado Interno,200,30.12
2025-10-13,Tempranillo,Reserva,Exportación,52,21.83
2025-10-13,Malbec,Reserva,Mercado Interno,197,15.17
2025-10-13,Tempranillo,Gran Reserva,Exportación,28,43.19
2025-10-14,Torrontés,Joven,Mercado Interno,205,7.8
2025-10-15,Cabernet Sauvignon,Joven,Exportación,43,12.35
2025-10-15,Cabernet Sauvignon,Reserva,Exportación,186,21.21
2025-10-15,Torrontés,Gran Reserva,Exportación,224,44.86
2025-10-15,Torrontés,Joven,Exportación,136,11.68
2025-10-16,Cabernet Sauvignon,Reserva,Mercado Interno,60,15.24
2025-10-16,Malbec,Gran Reserva,Mercado Interno,34,30.98
2025-10-16,Tempranillo,Gran Reserva,Exportación,54,46.39
2025-10-16,Malbec,Reserva,Mercado Interno,147,14.35
2025-10-16,Cabernet Sauvignon,Gran Reserva,Mercado Interno,82,30.83
2025-10-16,Torrontés,Reserva,Mercado Interno,83,14.52
2025-10-16,Torrontés,Joven,Mercado Interno,85,8.26
2025-10-17,Malbec,Joven,Exportación,192,12.45
2025-10-17,Malbec,Joven,Exportación,143,12.21
2025-10-18,Malbec,Reserva,Exportación,193,22.93
2025-10-18,Torrontés,Reserva,Mercado Interno,155,15.02
2025-10-19,Cabernet Sauvignon,Reserva,Mercado Interno,123,14.43
2025-10-19,Malbec,Reserva,Exportación,63,21.61
2025-10-19,Cabernet Sauvignon,Joven,Exportación,79,12.34
2025-10-20,Torrontés,Reserva,Mercado Interno,148,15.47
2025-10-20,Cabernet Sauvignon,Joven,Mercado Interno,203,8.39
2025-10-20,Malbec,Reserva,Exportación,38,22.54
2025-10-21,Torrontés,Reserva,Exportación,127,22.59
2025-10-21,Malbec,Joven,Mercado Interno,93,8.32
2025-10-21,Tempranillo,Reserva,Mercado Interno,182,15.38
2025-10-21,Cabernet Sauvignon,Gran Reserva,Mercado Interno,152,29.5
2025-10-21,Malbec,Gran Reserva,Mercado Interno,211,28.88
2025-10-21,Malbec,Joven,Mercado Interno,105,8.0
2025-10-22,Malbec,Reserva,Mercado Interno,172,15.05
2025-10-22,Malbec,Reserva,Mercado Interno,226,14.43
2025-10-23,Cabernet Sauvignon,Gran Reserva,Exportación,169,47.19
2025-10-23,Cabernet Sauvignon,Joven,Exportación,27,11.68
2025-10-23,Malbec,Gran Reserva,Exportación,213,44.56
2025-10-23,Malbec,Reserva,Exportación,150,22.4
2025-10-24,Cabernet Sauvignon,Reserva,Mercado Interno,39,14.3
2025-10-25,Tempranillo,Joven,Exportación,81,11.63
2025-10-26,Cabernet Sauvignon,Gran Reserva,Mercado Interno,80,29.41
2025-10-26,Tempranillo,Gran Reserva,Mercado Interno,178,31.05
2025-10-27,Torrontés,Reserva,Exportación,163,21.69
2025-10-27,Malbec,Joven,Mercado Interno,174,7.85
2025-10-28,Torrontés,Joven,Exportación,228,12.42
2025-10-28,Tempranillo,Reserva,Mercado Interno,96,14.56
2025-10-28,Torrontés,Gran Reserva,Exportación,171,45.78
2025-10-29,Tempranillo,Gran Reserva,Mercado Interno,108,29.62
2025-10-29,Malbec,Reserva,Mercado Interno,133,15.38
2025-10-29,Malbec,Gran Reserva,Mercado Interno,226,29.28
2025-10-29,Cabernet Sauvignon,Joven,Exportación,73,11.48
2025-10-30,Tempranillo,Reserva,Mercado Interno,170,15.53
2025-10-30,Tempranillo,Reserva,Mercado Interno,175,14.96
2025-10-30,Torrontés,Reserva,Exportación,179,21.97
2025-10-30,Tempranillo,Gran Reserva,Mercado Interno,42,28.76
2025-10-30,Torrontés,Joven,Mercado Interno,148,7.62
2025-10-30,Cabernet Sauvignon,Reserva,Mercado Interno,76,15.34
2025-10-31,Torrontés,Joven,Exportación,57,11.86
2025-10-31,Torrontés,Joven,Mercado Interno,40,8.07
2025-10-31,Cabernet Sauvignon,Reserva,Exportación,169,21.41
2025-10-31,Tempranillo,Joven,Exportación,230,11.65
2025-10-31,Torrontés,Reserva,Mercado Interno,228,14.65
2025-11-01,Tempranillo,Joven,Mercado Interno,115,7.76
2025-11-01,Tempranillo,Reserva,Mercado Interno,154,14.52
2025-11-01,Torrontés,Gran Reserva,Mercado Interno,259,28.89
2025-11-02,Torrontés,Gran Reserva,Mercado Interno,182,31.29
2025-11-02,Tempranillo,Gran Reserva,Mercado Interno,40,30.46
2025-11-02,Malbec,Joven,Exportación,86,12.07
2025-11-03,Malbec,Reserva,Mercado Interno,50,15.6
2025-11-03,Malbec,Reserva,Mercado Interno,172,14.82
2025-11-04,Torrontés,Gran Reserva,Exportación,209,43.21
2025-11-04,Malbec,Gran Reserva,Mercado Interno,179,29.79
2025-11-04,Tempranillo,Gran Reserva,Exportación,106,43.52
2025-11-05,Torrontés,Joven,Exportación,344,12.49
2025-11-05,Cabernet Sauvignon,Reserva,Mercado Interno,196,14.82
2025-11-05,Tempranillo,Reserva,Mercado Interno,166,15.36
2025-11-06,Malbec,Reserva,Exportación,69,22.26
2025-11-06,Tempranillo,Gran Reserva,Exportación,27,46.31
2025-11-07,Torrontés,Gran Reserva,Mercado Interno,113,29.72
2025-11-07,Cabernet Sauvignon,Reserva,Mercado Interno,175,15.04
2025-11-07,Torrontés,Reserva,Mercado Interno,225,15.31
2025-11-08,Torrontés,Gran Reserva,Mercado Interno,340,30.12
2025-11-08,Malbec,Joven,Mercado Interno,164,8.3
2025-11-08,Cabernet Sauvignon,Reserva,Mercado Interno,223,14.39
2025-11-09,Cabernet Sauvignon,Joven,Mercado Interno,143,7.83
2025-11-09,Malbec,Joven,Mercado Interno,35,7.92
2025-11-09,Torrontés,Reserva,Exportación,348,22.31
2025-11-09,Torrontés,Joven,Exportación,356,12.53
2025-11-10,Tempranillo,Gran Reserva,Mercado Interno,210,30.02
2025-11-10,Torrontés,Reserva,Mercado Interno,123,15.65
2025-11-10,Cabernet Sauvignon,Reserva,Mercado Interno,131,15.44
2025-11-11,Malbec,Gran Reserva,Mercado Interno,213,29.55
2025-11-11,Cabernet Sauvignon,Gran Reserva,Mercado Interno,80,30.65
2025-11-11,Torrontés,Reserva,Mercado Interno,224,15.47
2025-11-12,Tempranillo,Reserva,Mercado Interno,79,14.57
2025-11-12,Cabernet Sauvignon,Reserva,Mercado Interno,98,15.44
2025-11-12,Cabernet Sauvignon,Reserva,Mercado Interno,187,14.39
2025-11-12,Torrontés,Joven,Mercado Interno,72,7.76
2025-11-12,Tempranillo,Joven,Exportación,132,11.96
2025-11-13,Torrontés,Gran Reserva,Mercado Interno,59,29.25
2025-11-13,Cabernet Sauvignon,Joven,Mercado Interno,202,7.83
2025-11-13,Cabernet Sauvignon,Gran Reserva,Mercado Interno,35,29.73
2025-11-13,Malbec,Reserva,Mercado Interno,183,15.59
2025-11-14,Cabernet Sauvignon,Joven,Mercado Interno,150,7.82
2025-11-14,Torrontés,Gran Reserva,Exportación,152,46.67
2025-11-14,Cabernet Sauvignon,Reserva,Exportación,42,22.68
2025-11-14,Malbec,Joven,Mercado Interno,159,7.82
2025-11-14,Tempranillo,Reserva,Mercado Interno,219,14.64
2025-11-15,Cabernet Sauvignon,Reserva,Exportación,129,21.97
2025-11-15,Tempranillo,Reserva,Exportación,239,22.72
2025-11-15,Malbec,Gran Reserva,Mercado Interno,193,31.2
2025-11-15,Malbec,Reserva,Exportación,129,22.8
2025-11-16,Malbec,Reserva,Exportación,56,21.23
2025-11-16,Tempranillo,Reserva,Mercado Interno,73,15.2
2025-11-16,Cabernet Sauvignon,Gran Reserva,Exportación,84,44.38
2025-11-16,Torrontés,Joven,Exportación,102,11.73
2025-11-16,Cabernet Sauvignon,Joven,Mercado Interno,119,8.27
2025-11-17,Tempranillo,Joven,Exportación,199,11.44
2025-11-17,Torrontés,Reserva,Mercado Interno,134,14.89
2025-11-17,Malbec,Gran Reserva,Mercado Interno,211,29.31
2025-11-18,Malbec,Gran Reserva,Mercado Interno,64,28.74
2025-11-18,Torrontés,Reserva,Exportación,168,22.39
2025-11-18,Tempranillo,Gran Reserva,Exportación,49,43.49
2025-11-19,Malbec,Gran Reserva,Exportación,130,47.18
2025-11-19,Malbec,Joven,Exportación,134,12.21
2025-11-19,Torrontés,Reserva,Mercado Interno,249,15.71
2025-11-20,Malbec,Reserva,Exportación,202,22.17
2025-11-20,Torrontés,Reserva,Mercado Interno,92,15.35
2025-11-20,Torrontés,Joven,Mercado Interno,40,7.94
2025-11-20,Cabernet Sauvignon,Joven,Mercado Interno,110,7.85
2025-11-21,Tempranillo,Joven,Mercado Interno,221,7.9
2025-11-21,Cabernet Sauvignon,Gran Reserva,Exportación,39,45.03
2025-11-21,Malbec,Gran Reserva,Exportación,160,45.71
2025-11-22,Tempranillo,Reserva,Mercado Interno,186,14.77
2025-11-22,Malbec,Joven,Mercado Interno,59,7.96
2025-11-22,Cabernet Sauvignon,Gran Reserva,Exportación,107,45.9
2025-11-22,Malbec,Joven,Exportación,220,11.4
2025-11-23,Malbec,Reserva,Mercado Interno,234,15.17
2025-11-23,Malbec,Gran Reserva,Exportación,63,46.51
2025-11-23,Cabernet Sauvignon,Gran Reserva,Exportación,115,46.58
2025-11-23,Torrontés,Gran Reserva,Mercado Interno,315,29.69
2025-11-24,Torrontés,Reserva,Mercado Interno,345,15.58
2025-11-24,Tempranillo,Reserva,Mercado Interno,197,14.95
2025-11-24,Cabernet Sauvignon,Reserva,Mercado Interno,184,15.15
2025-11-24,Cabernet Sauvignon,Joven,Mercado Interno,139,8.04
2025-11-25,Malbec,Gran Reserva,Exportación,30,42.87
2025-11-25,Torrontés,Reserva,Mercado Interno,139,14.78
2025-11-26,Torrontés,Reserva,Exportación,275,21.88
2025-11-26,Cabernet Sauvignon,Reserva,Exportación,151,22.11
2025-11-26,Cabernet Sauvignon,Reserva,Mercado Interno,57,14.33
2025-11-26,Cabernet Sauvignon,Reserva,Exportación,169,21.63
2025-11-26,Malbec,Joven,Exportación,179,11.97
2025-11-27,Malbec,Gran Reserva,Mercado Interno,163,29.69
2025-11-27,Cabernet Sauvignon,Joven,Exportación,89,12.56
2025-11-27,Cabernet Sauvignon,Reserva,Mercado Interno,239,15.28
2025-11-28,Cabernet Sauvignon,Joven,Exportación,67,12.04
2025-11-29,Malbec,Gran Reserva,Exportación,102,45.73
2025-11-30,Malbec,Gran Reserva,Mercado Interno,219,30.37
2025-12-01,Torrontés,Joven,Exportación,310,12.57
2025-12-01,Tempranillo,Reserva,Mercado Interno,185,14.33
2025-12-01,Malbec,Gran Reserva,Mercado Interno,210,31.44
2025-12-01,Torrontés,Joven,Mercado Interno,329,8.36
2025-12-02,Cabernet Sauvignon,Joven,Mercado Interno,235,7.77
2025-12-02,Malbec,Reserva,Mercado Interno,123,14.38
2025-12-03,Tempranillo,Joven,Exportación,154,12.38
2025-12-03,Tempranillo,Joven,Exportación,69,11.49
2025-12-03,Malbec,Reserva,Exportación,167,20.91
2025-12-04,Torrontés,Reserva,Mercado Interno,324,14.27
2025-12-04,Cabernet Sauvignon,Gran Reserva,Mercado Interno,32,31.28
2025-12-04,Cabernet Sauvignon,Joven,Exportación,26,12.59
2025-12-04,Malbec,Gran Reserva,Mercado Interno,75,30.47
2025-12-05,Cabernet Sauvignon,Joven,Mercado Interno,192,7.76
2025-12-05,Malbec,Joven,Mercado Interno,235,7.76
2025-12-05,Cabernet Sauvignon,Reserva,Exportación,180,21.16
2025-12-06,Cabernet Sauvignon,Reserva,Exportación,226,21.6
2025-12-06,Torrontés,Reserva,Mercado Interno,281,15.35
2025-12-06,Torrontés,Reserva,Mercado Interno,227,14.59
2025-12-06,Malbec,Gran Reserva,Exportación,212,46.31
2025-12-06,Tempranillo,Gran Reserva,Exportación,186,43.1
2025-12-07,Torrontés,Joven,Mercado Interno,363,8.29
2025-12-07,Malbec,Joven,Mercado Interno,59,7.77
2025-12-07,Tempranillo,Joven,Exportación,55,11.94
2025-12-08,Cabernet Sauvignon,Reserva,Mercado Interno,195,14.66
2025-12-08,Torrontés,Joven,Exportación,347,11.73
2025-12-08,Tempranillo,Gran Reserva,Mercado Interno,64,28.59
2025-12-08,Cabernet Sauvignon,Reserva,Mercado Interno,39,14.37
2025-12-08,Cabernet Sauvignon,Reserva,Exportación,96,20.93
2025-12-08,Malbec,Gran Reserva,Mercado Interno,81,30.34
2025-12-08,Tempranillo,Reserva,Exportación,187,22.53
2025-12-09,Malbec,Reserva,Mercado Interno,166,14.6
2025-12-10,Cabernet Sauvignon,Gran Reserva,Exportación,211,43.46
2025-12-10,Torrontés,Joven,Exportación,161,11.62
2025-12-10,Cabernet Sauvignon,Reserva,Mercado Interno,136,14.85
2025-12-11,Cabernet Sauvignon,Joven,Mercado Interno,78,8.32
2025-12-11,Tempranillo,Reserva,Mercado Interno,228,14.65
2025-12-12,Cabernet Sauvignon,Reserva,Exportación,166,21.34
2025-12-12,Torrontés,Joven,Mercado Interno,260,7.8
2025-12-12,Torrontés,Reserva,Mercado Interno,324,15.54
2025-12-12,Malbec,Reserva,Mercado Interno,102,15.69
2025-12-12,Torrontés,Reserva,Mercado Interno,300,14.97
2025-12-12,Malbec,Joven,Mercado Interno,191,7.76
2025-12-12,Tempranillo,Reserva,Mercado Interno,58,15.48
2025-12-12,Malbec,Joven,Mercado Interno,37,8.28
2025-12-12,Tempranillo,Joven,Mercado Interno,93,7.88
2025-12-13,Malbec,Joven,Mercado Interno,25,8.19
2025-12-13,Torrontés,Reserva,Mercado Interno,214,15.33
2025-12-14,Tempranillo,Reserva,Mercado Interno,141,14.58
2025-12-14,Malbec,Joven,Mercado Interno,205,8.4
2025-12-14,Malbec,Gran Reserva,Exportación,83,42.93
2025-12-14,Tempranillo,Gran Reserva,Mercado Interno,174,30.5
2025-12-15,Tempranillo,Gran Reserva,Exportación,134,43.47
2025-12-15,Tempranillo,Gran Reserva,Exportación,215,44.28
2025-12-15,Torrontés,Reserva,Exportación,76,22.17
2025-12-15,Torrontés,Gran Reserva,Mercado Interno,112,31.09
2025-12-15,Torrontés,Gran Reserva,Mercado Interno,128,30.88
2025-12-16,Cabernet Sauvignon,Gran Reserva,Mercado Interno,108,28.58
2025-12-16,Malbec,Gran Reserva,Mercado Interno,145,30.27
2025-12-16,Malbec,Gran Reserva,Mercado Interno,73,29.26
2025-12-16,Malbec,Gran Reserva,Mercado Interno,106,30.73
2025-12-17,Malbec,Reserva,Exportación,77,21.41
2025-12-17,Tempranillo,Joven,Exportación,200,11.53
2025-12-18,Tempranillo,Joven,Mercado Interno,70,8.0
2025-12-18,Cabernet Sauvignon,Gran Reserva,Mercado Interno,28,30.84
2025-12-18,Cabernet Sauvignon,Reserva,Exportación,150,21.08
2025-12-19,Malbec,Reserva,Mercado Interno,41,15.34
2025-12-19,Cabernet Sauvignon,Joven,Exportación,65,11.53
2025-12-20,Tempranillo,Gran Reserva,Mercado Interno,205,29.8
2025-12-21,Tempranillo,Joven,Mercado Interno,134,8.25
2025-12-21,Tempranillo,Joven,Mercado Interno,127,8.31
2025-12-21,Malbec,Gran Reserva,Exportación,154,46.14
2025-12-21,Cabernet Sauvignon,Joven,Mercado Interno,224,8.1
2025-12-22,Torrontés,Joven,Exportación,65,11.52
2025-12-22,Torrontés,Joven,Mercado Interno,195,8.05
2025-12-23,Torrontés,Reserva,Mercado Interno,318,14.39
2025-12-23,Torrontés,Reserva,Exportación,196,20.99
2025-12-23,Malbec,Gran Reserva,Mercado Interno,116,28.64
2025-12-24,Cabernet Sauvignon,Joven,Mercado Interno,179,7.99
2025-12-24,Cabernet Sauvignon,Joven,Exportación,158,11.72
2025-12-25,Cabernet Sauvignon,Reserva,Exportación,221,21.6
2025-12-25,Malbec,Reserva,Mercado Interno,103,14.97
2025-12-26,Malbec,Joven,Mercado Interno,50,8.28
2025-12-26,Torrontés,Joven,Mercado Interno,321,7.69
2025-12-26,Cabernet Sauvignon,Gran Reserva,Exportación,139,44.57
2025-12-26,Torrontés,Joven,Mercado Interno,281,8.28
2025-12-26,Torrontés,Reserva,Exportación,92,22.98
2025-12-26,Tempranillo,Joven,Mercado Interno,95,8.38
2025-12-26,Cabernet Sauvignon,Joven,Mercado Interno,213,8.25
2025-12-27,Cabernet Sauvignon,Reserva,Mercado Interno,138,14.58
2025-12-27,Torrontés,Gran Reserva,Mercado Interno,75,29.56
2025-12-27,Cabernet Sauvignon,Joven,Mercado Interno,203,7.69
2025-12-27,Cabernet Sauvignon,Reserva,Mercado Interno,182,14.43
2025-12-29,Torrontés,Gran Reserva,Mercado Interno,243,30.67
2025-12-29,Torrontés,Gran Reserva,Mercado Interno,62,31.49
2025-12-30,Malbec,Reserva,Mercado Interno,84,14.95
2025-12-30,Tempranillo,Joven,Mercado Interno,118,8.3
2025-12-30,Torrontés,Reserva,Exportación,201,21.38
2025-12-31,Tempranillo,Gran Reserva,Exportación,111,46.73
2025-12-31,Tempranillo,Gran Reserva,Mercado Interno,167,29.11
2025-12-31,Cabernet Sauvignon,Joven,Mercado Interno,65,8.04
2025-12-31,Tempranillo,Gran Reserva,Mercado Interno,133,29.31
2025-12-31,Cabernet Sauvignon,Joven,Exportación,169,11.88
2025-12-31,Malbec,Gran Reserva,Mercado Interno,222,28.88
2025-12-31,Cabernet Sauvignon,Gran Reserva,Mercado Interno,205,28.88
